Happiness Rank,Country or region,Happiness Score,Economy (GDP per Capita),Social support,Health (Life Expectancy),Freedom,Generosity,Trust (Government Corruption),Year
1,Finland,7.769,1.34,1.587,0.986,0.596,0.153,0.393,2017
2,Denmark,7.6,1.383,1.573,0.996,0.592,0.252,0.41,2017
3,Norway,7.554,1.488,1.582,1.028,0.603,0.271,0.341,2017
4,Iceland,7.494,1.38,1.624,1.026,0.591,0.354,0.118,2017
5,Netherlands,7.488,1.396,1.522,0.999,0.557,0.322,0.298,2017
6,Switzerland,7.48,1.452,1.526,1.052,0.572,0.263,0.343,2017
7,Sweden,7.343,1.387,1.487,1.009,0.574,0.267,0.373,2017
8,New Zealand,7.307,1.303,1.557,1.026,0.585,0.33,0.38,2017
9,Canada,7.278,1.365,1.505,1.039,0.584,0.285,0.308,2017
10,Austria,7.246,1.376,1.475,1.016,0.532,0.244,0.226,2017
11,Australia,7.228,1.372,1.548,1.036,0.557,0.332,0.29,2017
12,Costa Rica,7.167,1.034,1.441,0.963,0.558,0.144,0.093,2017
13,Israel,7.139,1.276,1.455,1.029,0.371,0.261,0.082,2017
14,Luxembourg,7.09,1.609,1.479,1.012,0.526,0.194,0.316,2017
15,United Kingdom,7.054,1.333,1.538,0.996,0.45,0.348,0.278,2017
16,Ireland,7.021,1.499,1.553,0.999,0.516,0.298,0.31,2017
17,Germany,6.985,1.373,1.454,0.987,0.495,0.261,0.265,2017
18,Belgium,6.923,1.356,1.504,0.986,0.473,0.16,0.21,2017
19,United States,6.892,1.433,1.457,0.874,0.454,0.28,0.128,2017
20,Czech Republic,6.852,1.269,1.487,0.92,0.457,0.046,0.036,2017
21,United Arab Emirates,6.825,1.503,1.31,0.825,0.598,0.262,0.182,2017
22,Malta,6.726,1.3,1.52,0.999,0.564,0.375,0.151,2017
23,Mexico,6.595,1.07,1.323,0.861,0.433,0.074,0.073,2017
24,France,6.592,1.324,1.472,1.045,0.436,0.111,0.183,2017
25,Taiwan,6.446,1.368,1.43,0.914,0.351,0.242,0.097,2017
26,Chile,6.444,1.159,1.369,0.92,0.357,0.187,0.056,2017
27,Guatemala,6.436,0.8,1.269,0.746,0.535,0.175,0.078,2017
28,Saudi Arabia,6.375,1.403,1.357,0.795,0.439,0.08,0.132,2017
29,Qatar,6.374,1.684,1.313,0.871,0.555,0.22,0.167,2017
30,Spain,6.354,1.286,1.484,1.062,0.362,0.153,0.079,2017
31,Panama,6.321,1.149,1.442,0.91,0.516,0.109,0.054,2017
32,Brazil,6.3,1.004,1.439,0.802,0.39,0.099,0.086,2017
33,Uruguay,6.293,1.124,1.465,0.891,0.523,0.127,0.15,2017
34,Singapore,6.262,1.572,1.463,1.141,0.556,0.271,0.453,2017
35,El Salvador,6.253,0.794,1.242,0.789,0.43,0.093,0.074,2017
36,Italy,6.223,1.294,1.488,1.039,0.231,0.158,0.03,2017
37,Bahrain,6.199,1.362,1.368,0.871,0.536,0.255,0.11,2017
38,Slovakia,6.198,1.246,1.504,0.881,0.334,0.121,0.014,2017
39,Trinidad & Tobago,6.192,1.231,1.477,0.713,0.489,0.185,0.016,2017
40,Poland,6.182,1.206,1.438,0.884,0.483,0.117,0.05,2017
41,Uzbekistan,6.174,0.745,1.529,0.756,0.631,0.322,0.24,2017
42,Lithuania,6.149,1.238,1.515,0.818,0.291,0.043,0.042,2017
43,Colombia,6.125,0.985,1.41,0.841,0.47,0.099,0.034,2017
44,Slovenia,6.118,1.258,1.523,0.953,0.564,0.144,0.057,2017
45,Nicaragua,6.105,0.694,1.325,0.835,0.435,0.2,0.127,2017
46,Kosovo,6.1,0.882,1.232,0.758,0.489,0.262,0.006,2017
47,Argentina,6.086,1.092,1.432,0.881,0.471,0.066,0.05,2017
48,Romania,6.07,1.162,1.232,0.825,0.462,0.083,0.005,2017
49,Cyprus,6.046,1.263,1.223,1.042,0.406,0.19,0.041,2017
50,Ecuador,6.028,0.912,1.312,0.868,0.498,0.126,0.087,2017
51,Kuwait,6.021,1.5,1.319,0.808,0.493,0.142,0.097,2017
52,Thailand,6.008,1.05,1.409,0.828,0.557,0.359,0.028,2017
53,Latvia,5.94,1.187,1.465,0.812,0.264,0.075,0.064,2017
54,South Korea,5.895,1.301,1.219,1.036,0.159,0.175,0.056,2017
55,Estonia,5.893,1.237,1.528,0.874,0.495,0.103,0.161,2017
56,Jamaica,5.89,0.831,1.478,0.831,0.49,0.107,0.028,2017
57,Mauritius,5.888,1.12,1.402,0.798,0.498,0.215,0.06,2017
58,Japan,5.886,1.327,1.419,1.088,0.445,0.069,0.14,2017
59,Honduras,5.86,0.642,1.236,0.828,0.507,0.246,0.078,2017
60,Kazakhstan,5.809,1.173,1.508,0.729,0.41,0.146,0.096,2017
61,Bolivia,5.779,0.776,1.209,0.706,0.511,0.137,0.064,2017
62,Hungary,5.758,1.201,1.41,0.828,0.199,0.081,0.02,2017
63,Paraguay,5.743,0.855,1.475,0.777,0.514,0.184,0.08,2017
64,Northern Cyprus,5.718,1.263,1.252,1.042,0.417,0.191,0.162,2017
65,Peru,5.697,0.96,1.274,0.854,0.455,0.083,0.027,2017
66,Portugal,5.693,1.221,1.431,0.999,0.508,0.047,0.025,2017
67,Pakistan,5.653,0.677,0.886,0.535,0.313,0.22,0.098,2017
68,Russia,5.648,1.183,1.452,0.726,0.334,0.082,0.031,2017
69,Philippines,5.631,0.807,1.293,0.657,0.558,0.117,0.107,2017
70,Serbia,5.603,1.004,1.383,0.854,0.282,0.137,0.039,2017
71,Moldova,5.529,0.685,1.328,0.739,0.245,0.181,0.0,2017
72,Libya,5.525,1.044,1.303,0.673,0.416,0.133,0.152,2017
73,Montenegro,5.523,1.051,1.361,0.871,0.197,0.142,0.08,2017
74,Tajikistan,5.467,0.493,1.098,0.718,0.389,0.23,0.144,2017
75,Croatia,5.432,1.155,1.266,0.914,0.296,0.119,0.022,2017
76,Hong Kong,5.43,1.438,1.277,1.122,0.44,0.258,0.287,2017
77,Dominican Republic,5.425,1.015,1.401,0.779,0.497,0.113,0.101,2017
78,Bosnia and Herzegovina,5.386,0.945,1.212,0.845,0.212,0.263,0.006,2017
79,Turkey,5.373,1.183,1.36,0.808,0.195,0.083,0.106,2017
80,Malaysia,5.339,1.221,1.171,0.828,0.508,0.26,0.024,2017
81,Belarus,5.323,1.067,1.465,0.789,0.235,0.094,0.142,2017
82,Greece,5.287,1.181,1.156,0.999,0.067,0.0,0.034,2017
83,Mongolia,5.285,0.948,1.531,0.667,0.317,0.235,0.038,2017
84,North Macedonia,5.274,0.983,1.294,0.838,0.345,0.185,0.034,2017
85,Nigeria,5.265,0.696,1.111,0.245,0.426,0.215,0.041,2017
86,Kyrgyzstan,5.261,0.551,1.438,0.723,0.508,0.3,0.023,2017
87,Turkmenistan,5.247,1.052,1.538,0.657,0.394,0.244,0.028,2017
88,Algeria,5.211,1.002,1.16,0.785,0.086,0.073,0.114,2017
89,Morocco,5.208,0.801,0.782,0.782,0.418,0.036,0.076,2017
90,Azerbaijan,5.208,1.043,1.147,0.769,0.351,0.035,0.182,2017
91,Lebanon,5.197,0.987,1.224,0.815,0.216,0.166,0.027,2017
92,Indonesia,5.192,0.931,1.203,0.66,0.491,0.498,0.028,2017
93,China,5.191,1.029,1.125,0.893,0.521,0.058,0.1,2017
94,Vietnam,5.175,0.741,1.346,0.851,0.543,0.147,0.073,2017
95,Bhutan,5.082,0.813,1.321,0.604,0.457,0.37,0.167,2017
96,Cameroon,5.044,0.549,0.91,0.331,0.381,0.187,0.037,2017
97,Bulgaria,5.011,1.092,1.513,0.815,0.311,0.081,0.004,2017
98,Ghana,4.996,0.611,0.868,0.486,0.381,0.245,0.04,2017
99,Ivory Coast,4.944,0.569,0.808,0.232,0.352,0.154,0.09,2017
100,Nepal,4.913,0.446,1.226,0.677,0.439,0.285,0.089,2017
101,Jordan,4.906,0.837,1.225,0.815,0.383,0.11,0.13,2017
102,Benin,4.883,0.393,0.437,0.397,0.349,0.175,0.082,2017
103,Congo (Brazzaville),4.812,0.673,0.799,0.508,0.372,0.105,0.093,2017
104,Gabon,4.799,1.057,1.183,0.571,0.295,0.043,0.055,2017
105,Laos,4.796,0.764,1.03,0.551,0.547,0.266,0.164,2017
106,South Africa,4.722,0.96,1.351,0.469,0.389,0.13,0.055,2017
107,Albania,4.719,0.947,0.848,0.874,0.383,0.178,0.027,2017
108,Venezuela,4.707,0.96,1.427,0.805,0.154,0.064,0.047,2017
109,Cambodia,4.7,0.574,1.122,0.637,0.609,0.232,0.062,2017
110,Palestinian Territories,4.696,0.657,1.247,0.672,0.225,0.103,0.066,2017
111,Senegal,4.681,0.45,1.134,0.571,0.292,0.153,0.072,2017
112,Somalia,4.668,0.0,0.698,0.268,0.559,0.243,0.27,2017
113,Namibia,4.639,0.879,1.313,0.477,0.401,0.07,0.056,2017
114,Niger,4.628,0.138,0.774,0.366,0.318,0.188,0.102,2017
115,Burkina Faso,4.587,0.331,1.056,0.38,0.255,0.177,0.113,2017
116,Armenia,4.559,0.85,1.055,0.815,0.283,0.095,0.064,2017
117,Iran,4.548,1.1,0.842,0.785,0.305,0.27,0.125,2017
118,Guinea,4.534,0.38,0.829,0.375,0.332,0.207,0.086,2017
119,Georgia,4.519,0.886,0.666,0.752,0.346,0.043,0.164,2017
120,Gambia,4.516,0.308,0.939,0.428,0.382,0.269,0.167,2017
121,Kenya,4.509,0.512,0.983,0.581,0.431,0.372,0.053,2017
122,Mauritania,4.49,0.57,1.167,0.489,0.066,0.106,0.088,2017
123,Mozambique,4.466,0.204,0.986,0.39,0.494,0.197,0.138,2017
124,Tunisia,4.461,0.921,1.0,0.815,0.167,0.059,0.055,2017
125,Bangladesh,4.456,0.562,0.928,0.723,0.527,0.166,0.143,2017
126,Iraq,4.437,1.043,0.98,0.574,0.241,0.148,0.089,2017
127,Congo (Kinshasa),4.418,0.094,1.125,0.357,0.269,0.212,0.053,2017
128,Mali,4.39,0.385,1.105,0.308,0.327,0.153,0.052,2017
129,Sierra Leone,4.374,0.268,0.841,0.242,0.309,0.252,0.045,2017
130,Sri Lanka,4.366,0.949,1.265,0.831,0.47,0.244,0.047,2017
131,Myanmar,4.36,0.71,1.181,0.555,0.525,0.566,0.172,2017
132,Chad,4.35,0.35,0.766,0.192,0.174,0.198,0.078,2017
133,Ukraine,4.332,0.82,1.39,0.739,0.178,0.187,0.01,2017
134,Ethiopia,4.286,0.336,1.033,0.532,0.344,0.209,0.1,2017
135,Swaziland,4.212,0.811,1.149,0.0,0.313,0.074,0.135,2017
136,Uganda,4.189,0.332,1.069,0.443,0.356,0.252,0.06,2017
137,Egypt,4.166,0.913,1.039,0.644,0.241,0.076,0.067,2017
138,Zambia,4.107,0.578,1.058,0.426,0.431,0.247,0.087,2017
139,Togo,4.085,0.275,0.572,0.41,0.293,0.177,0.085,2017
140,India,4.015,0.755,0.765,0.588,0.498,0.2,0.085,2017
141,Liberia,3.975,0.073,0.922,0.443,0.37,0.233,0.033,2017
142,Comoros,3.973,0.274,0.757,0.505,0.142,0.275,0.078,2017
143,Madagascar,3.933,0.274,0.916,0.555,0.148,0.169,0.041,2017
144,Lesotho,3.802,0.489,1.169,0.168,0.359,0.107,0.093,2017
145,Burundi,3.775,0.046,0.447,0.38,0.22,0.176,0.18,2017
146,Zimbabwe,3.663,0.366,1.114,0.433,0.361,0.151,0.089,2017
147,Haiti,3.597,0.323,0.688,0.449,0.026,0.419,0.11,2017
148,Botswana,3.488,1.041,1.145,0.538,0.455,0.025,0.1,2017
149,Syria,3.462,0.619,0.378,0.44,0.013,0.331,0.141,2017
150,Malawi,3.41,0.191,0.56,0.495,0.443,0.218,0.089,2017
151,Yemen,3.38,0.287,1.163,0.463,0.143,0.108,0.077,2017
152,Rwanda,3.334,0.359,0.711,0.614,0.555,0.217,0.411,2017
153,Tanzania,3.231,0.476,0.885,0.499,0.417,0.276,0.147,2017
154,Afghanistan,3.203,0.35,0.517,0.361,0.0,0.158,0.025,2017
155,Central African Republic,3.083,0.026,0.0,0.105,0.225,0.235,0.035,2017
156,South Sudan,2.853,0.306,0.575,0.295,0.01,0.202,0.091,2017
1,Finland,7.632,1.305,1.592,0.874,0.681,0.202,0.393,2017
2,Norway,7.594,1.456,1.582,0.861,0.686,0.286,0.34,2017
3,Denmark,7.555,1.351,1.59,0.868,0.683,0.284,0.408,2017
4,Iceland,7.495,1.343,1.644,0.914,0.677,0.353,0.138,2017
5,Switzerland,7.487,1.42,1.549,0.927,0.66,0.256,0.357,2017
6,Netherlands,7.441,1.361,1.488,0.878,0.638,0.333,0.295,2017
7,Canada,7.328,1.33,1.532,0.896,0.653,0.321,0.291,2017
8,New Zealand,7.324,1.268,1.601,0.876,0.669,0.365,0.389,2017
9,Sweden,7.314,1.355,1.501,0.913,0.659,0.285,0.383,2017
10,Australia,7.272,1.34,1.573,0.91,0.647,0.361,0.302,2017
11,United Kingdom,7.19,1.244,1.433,0.888,0.464,0.262,0.082,2017
12,Austria,7.139,1.341,1.504,0.891,0.617,0.242,0.224,2017
13,Costa Rica,7.072,1.01,1.459,0.817,0.632,0.143,0.101,2017
14,Ireland,6.977,1.448,1.583,0.876,0.614,0.307,0.306,2017
15,Germany,6.965,1.34,1.474,0.861,0.586,0.273,0.28,2017
16,Belgium,6.927,1.324,1.483,0.894,0.583,0.188,0.24,2017
17,Luxembourg,6.91,1.576,1.52,0.896,0.632,0.196,0.321,2017
18,United States,6.886,1.398,1.471,0.819,0.547,0.291,0.133,2017
19,Israel,6.814,1.301,1.559,0.883,0.533,0.354,0.272,2017
20,United Arab Emirates,6.774,2.096,0.776,0.67,0.284,0.186,,2017
21,Czech Republic,6.711,1.233,1.489,0.854,0.543,0.064,0.034,2017
22,Malta,6.627,1.27,1.525,0.884,0.645,0.376,0.142,2017
23,France,6.489,1.293,1.466,0.908,0.52,0.098,0.176,2017
24,Mexico,6.488,1.038,1.252,0.761,0.479,0.069,0.095,2017
25,Chile,6.476,1.131,1.331,0.808,0.431,0.197,0.061,2017
26,Taiwan,6.441,1.365,1.436,0.857,0.418,0.151,0.078,2017
27,Panama,6.43,1.112,1.438,0.759,0.597,0.125,0.063,2017
28,Brazil,6.419,0.986,1.474,0.675,0.493,0.11,0.088,2017
29,Argentina,6.388,1.073,1.468,0.744,0.57,0.062,0.054,2017
30,Guatemala,6.382,0.781,1.268,0.608,0.604,0.179,0.071,2017
31,Uruguay,6.379,1.093,1.459,0.771,0.625,0.13,0.155,2017
32,Qatar,6.374,1.649,1.303,0.748,0.654,0.256,0.171,2017
33,Saudi Arabia,6.371,1.379,1.331,0.633,0.509,0.098,0.127,2017
34,Singapore,6.343,1.529,1.451,1.008,0.631,0.261,0.457,2017
35,Malaysia,6.322,1.161,1.258,0.669,0.356,0.311,0.059,2017
36,Spain,6.31,1.251,1.538,0.965,0.449,0.142,0.074,2017
37,Colombia,6.26,0.96,1.439,0.635,0.531,0.099,0.039,2017
38,Trinidad & Tobago,6.192,1.223,1.492,0.564,0.575,0.171,0.019,2017
39,Slovakia,6.173,1.21,1.537,0.776,0.354,0.118,0.014,2017
40,El Salvador,6.167,0.806,1.231,0.639,0.461,0.065,0.082,2017
41,Nicaragua,6.141,0.668,1.319,0.7,0.527,0.208,0.128,2017
42,Poland,6.123,1.176,1.448,0.781,0.546,0.108,0.064,2017
43,Bahrain,6.105,1.338,1.366,0.698,0.594,0.243,0.123,2017
44,Uzbekistan,6.096,0.719,1.584,0.605,0.724,0.328,0.259,2017
45,Kuwait,6.083,1.474,1.301,0.675,0.554,0.167,0.106,2017
46,Thailand,6.072,1.016,1.417,0.707,0.637,0.364,0.029,2017
47,Italy,6.0,1.264,1.501,0.946,0.281,0.137,0.028,2017
48,Ecuador,5.973,0.889,1.33,0.736,0.556,0.114,0.12,2017
49,Belize,5.956,0.807,1.101,0.474,0.593,0.183,0.089,2017
50,Lithuania,5.952,1.197,1.527,0.716,0.35,0.026,0.006,2017
51,Slovenia,5.948,1.219,1.506,0.856,0.633,0.16,0.051,2017
52,Romania,5.945,1.116,1.219,0.726,0.528,0.088,0.001,2017
53,Latvia,5.933,1.148,1.454,0.671,0.363,0.092,0.066,2017
54,Japan,5.915,1.294,1.462,0.988,0.553,0.079,0.15,2017
55,Mauritius,5.891,1.09,1.387,0.684,0.584,0.245,0.05,2017
56,Jamaica,5.89,0.819,1.493,0.693,0.575,0.096,0.031,2017
57,South Korea,5.875,1.266,1.204,0.955,0.244,0.175,0.051,2017
58,Northern Cyprus,5.835,1.229,1.211,0.909,0.495,0.179,0.154,2017
59,Russia,5.81,1.151,1.479,0.599,0.399,0.065,0.025,2017
60,Kazakhstan,5.79,1.143,1.516,0.631,0.454,0.148,0.121,2017
61,Cyprus,5.762,1.229,1.191,0.909,0.423,0.202,0.035,2017
62,Bolivia,5.752,0.751,1.223,0.508,0.606,0.141,0.054,2017
63,Estonia,5.739,1.2,1.532,0.737,0.553,0.086,0.174,2017
64,Paraguay,5.681,0.835,1.522,0.615,0.541,0.162,0.074,2017
65,Peru,5.663,0.934,1.249,0.674,0.53,0.092,0.034,2017
66,Kosovo,5.662,0.855,1.23,0.578,0.448,0.274,0.023,2017
67,Moldova,5.64,0.657,1.301,0.62,0.232,0.171,0.0,2017
68,Turkmenistan,5.636,1.016,1.533,0.517,0.417,0.199,0.037,2017
69,Hungary,5.62,1.171,1.401,0.732,0.259,0.061,0.022,2017
70,Libya,5.566,0.985,1.35,0.553,0.496,0.116,0.148,2017
71,Philippines,5.524,0.775,1.312,0.513,0.643,0.12,0.105,2017
72,Honduras,5.504,0.62,1.205,0.622,0.459,0.197,0.074,2017
73,Belarus,5.483,1.039,1.498,0.7,0.307,0.101,0.154,2017
74,Turkey,5.483,1.148,1.38,0.686,0.324,0.106,0.109,2017
75,Pakistan,5.472,0.652,0.81,0.424,0.334,0.216,0.113,2017
76,Hong Kong,5.43,1.405,1.29,1.03,0.524,0.246,0.291,2017
77,Portugal,5.41,1.188,1.429,0.884,0.562,0.055,0.017,2017
78,Serbia,5.398,0.975,1.369,0.685,0.288,0.134,0.043,2017
79,Greece,5.358,1.154,1.202,0.879,0.131,0.0,0.044,2017
80,Lebanon,5.358,0.965,1.179,0.785,0.503,0.214,0.136,2017
81,Montenegro,5.347,1.017,1.279,0.729,0.259,0.111,0.081,2017
82,Croatia,5.321,1.115,1.161,0.737,0.38,0.12,0.039,2017
83,Dominican Republic,5.302,0.982,1.441,0.614,0.578,0.12,0.106,2017
84,Algeria,5.295,0.979,1.154,0.687,0.077,0.055,0.135,2017
85,Morocco,5.254,0.779,0.797,0.669,0.46,0.026,0.074,2017
86,China,5.246,0.989,1.142,0.799,0.597,0.029,0.103,2017
87,Azerbaijan,5.201,1.024,1.161,0.603,0.43,0.031,0.176,2017
88,Tajikistan,5.199,0.474,1.166,0.598,0.292,0.187,0.034,2017
89,Macedonia,5.185,0.959,1.239,0.691,0.394,0.173,0.052,2017
90,Jordan,5.161,0.822,1.265,0.645,0.468,0.13,0.134,2017
91,Nigeria,5.155,0.689,1.172,0.048,0.462,0.201,0.032,2017
92,Kyrgyzstan,5.131,0.53,1.416,0.594,0.54,0.281,0.035,2017
93,Bosnia and Herzegovina,5.129,0.915,1.078,0.758,0.28,0.216,0.0,2017
94,Mongolia,5.125,0.914,1.517,0.575,0.395,0.253,0.032,2017
95,Vietnam,5.103,0.715,1.365,0.702,0.618,0.177,0.079,2017
96,Indonesia,5.093,0.899,1.215,0.522,0.538,0.484,0.018,2017
97,Bhutan,5.082,0.796,1.335,0.527,0.541,0.364,0.171,2017
98,Somalia,4.982,0.0,0.712,0.115,0.674,0.238,0.282,2017
99,Cameroon,4.975,0.535,0.891,0.182,0.454,0.183,0.043,2017
100,Bulgaria,4.933,1.054,1.515,0.712,0.359,0.064,0.009,2017
101,Nepal,4.88,0.425,1.228,0.539,0.526,0.302,0.078,2017
102,Venezuela,4.806,0.996,1.469,0.657,0.133,0.056,0.052,2017
103,Gabon,4.758,1.036,1.164,0.404,0.356,0.032,0.052,2017
104,Palestinian Territories,4.743,0.642,1.217,0.602,0.266,0.086,0.076,2017
105,South Africa,4.724,0.94,1.41,0.33,0.516,0.103,0.056,2017
106,Iran,4.707,1.059,0.771,0.691,0.459,0.282,0.129,2017
107,Ivory Coast,4.671,0.541,0.872,0.08,0.467,0.146,0.103,2017
108,Ghana,4.657,0.592,0.896,0.337,0.499,0.212,0.029,2017
109,Senegal,4.631,0.429,1.117,0.433,0.406,0.138,0.082,2017
110,Laos,4.623,0.72,1.034,0.441,0.626,0.23,0.174,2017
111,Tunisia,4.592,0.9,0.906,0.69,0.271,0.04,0.063,2017
112,Albania,4.586,0.916,0.817,0.79,0.419,0.149,0.032,2017
113,Sierra Leone,4.571,0.256,0.813,0.0,0.355,0.238,0.053,2017
114,Congo (Brazzaville),4.559,0.682,0.811,0.343,0.514,0.091,0.077,2017
115,Bangladesh,4.5,0.532,0.85,0.579,0.58,0.153,0.144,2017
116,Sri Lanka,4.471,0.918,1.314,0.672,0.585,0.307,0.05,2017
117,Iraq,4.456,1.01,0.971,0.536,0.304,0.148,0.095,2017
118,Mali,4.447,0.37,1.233,0.152,0.367,0.139,0.056,2017
119,Namibia,4.441,0.874,1.281,0.365,0.519,0.051,0.064,2017
120,Cambodia,4.433,0.549,1.088,0.457,0.696,0.256,0.065,2017
121,Burkina Faso,4.424,0.314,1.097,0.254,0.312,0.175,0.128,2017
122,Egypt,4.419,0.885,1.025,0.553,0.312,0.092,0.107,2017
123,Mozambique,4.417,0.198,0.902,0.173,0.531,0.206,0.158,2017
124,Kenya,4.41,0.493,1.048,0.454,0.504,0.352,0.055,2017
125,Zambia,4.377,0.562,1.047,0.295,0.503,0.221,0.082,2017
126,Mauritania,4.356,0.557,1.245,0.292,0.129,0.134,0.093,2017
127,Ethiopia,4.35,0.308,0.95,0.391,0.452,0.22,0.146,2017
128,Georgia,4.34,0.853,0.592,0.643,0.375,0.038,0.215,2017
129,Armenia,4.321,0.816,0.99,0.666,0.26,0.077,0.028,2017
130,Myanmar,4.308,0.682,1.174,0.429,0.58,0.598,0.178,2017
131,Chad,4.301,0.358,0.907,0.053,0.189,0.181,0.06,2017
132,Congo (Kinshasa),4.245,0.069,1.136,0.204,0.312,0.197,0.052,2017
133,India,4.19,0.721,0.747,0.485,0.539,0.172,0.093,2017
134,Niger,4.166,0.131,0.867,0.221,0.39,0.175,0.099,2017
135,Uganda,4.161,0.322,1.09,0.237,0.45,0.259,0.061,2017
136,Benin,4.141,0.378,0.372,0.24,0.44,0.163,0.067,2017
137,Sudan,4.139,0.605,1.24,0.312,0.016,0.134,0.082,2017
138,Ukraine,4.103,0.793,1.413,0.609,0.163,0.187,0.011,2017
139,Togo,3.999,0.259,0.474,0.253,0.434,0.158,0.101,2017
140,Guinea,3.964,0.344,0.792,0.211,0.394,0.185,0.094,2017
141,Lesotho,3.808,0.472,1.215,0.079,0.423,0.116,0.112,2017
142,Angola,3.795,0.73,1.125,0.269,0.0,0.079,0.061,2017
143,Madagascar,3.774,0.262,0.908,0.402,0.221,0.155,0.049,2017
144,Zimbabwe,3.692,0.357,1.094,0.248,0.406,0.132,0.099,2017
145,Afghanistan,3.632,0.332,0.537,0.255,0.085,0.191,0.036,2017
146,Botswana,3.59,1.017,1.174,0.417,0.557,0.042,0.092,2017
147,Malawi,3.587,0.186,0.541,0.306,0.531,0.21,0.08,2017
148,Haiti,3.582,0.315,0.714,0.289,0.025,0.392,0.104,2017
149,Liberia,3.495,0.076,0.858,0.267,0.419,0.206,0.03,2017
150,Syria,3.462,0.689,0.382,0.539,0.088,0.376,0.144,2017
151,Rwanda,3.408,0.332,0.896,0.4,0.636,0.2,0.444,2017
152,Yemen,3.355,0.442,1.073,0.343,0.244,0.083,0.064,2017
153,Tanzania,3.303,0.455,0.991,0.381,0.481,0.27,0.097,2017
154,South Sudan,3.254,0.337,0.608,0.177,0.112,0.224,0.106,2017
155,Central African Republic,3.083,0.024,0.0,0.01,0.305,0.218,0.038,2017
156,Burundi,2.905,0.091,0.627,0.145,0.065,0.149,0.076,2017
1,Switzerland,7.587,1.39651,1.34951,0.94143,0.66557,0.29678,0.41978,2017
2,Iceland,7.561,1.30232,1.40223,0.94784,0.62877,0.4363,0.14145,2017
3,Denmark,7.527,1.32548,1.36058,0.87464,0.64938,0.34139,0.48357,2017
4,Norway,7.522,1.459,1.33095,0.88521,0.66973,0.34699,0.36503,2017
5,Canada,7.427,1.32629,1.32261,0.90563,0.63297,0.45811,0.32957,2017
6,Finland,7.406,1.29025,1.31826,0.88911,0.64169,0.23351,0.41372,2017
7,Netherlands,7.378,1.32944,1.28017,0.89284,0.61576,0.4761,0.31814,2017
8,Sweden,7.364,1.33171,1.28907,0.91087,0.6598,0.36262,0.43844,2017
9,New Zealand,7.286,1.25018,1.31967,0.90837,0.63938,0.47501,0.42922,2017
10,Australia,7.284,1.33358,1.30923,0.93156,0.65124,0.43562,0.35637,2017
11,Israel,7.278,1.22857,1.22393,0.91387,0.41319,0.33172,0.07785,2017
12,Costa Rica,7.226,0.95578,1.23788,0.86027,0.63376,0.25497,0.10583,2017
13,Austria,7.2,1.33723,1.29704,0.89042,0.62433,0.33088,0.18676,2017
14,Mexico,7.187,1.02054,0.91451,0.81444,0.48181,0.14074,0.21312,2017
15,United States,7.119,1.39451,1.24711,0.86179,0.54604,0.40105,0.1589,2017
16,Brazil,6.983,0.98124,1.23287,0.69702,0.49049,0.14574,0.17521,2017
17,Luxembourg,6.946,1.56391,1.21963,0.91894,0.61583,0.28034,0.37798,2017
18,Ireland,6.94,1.33596,1.36948,0.89533,0.61777,0.45901,0.28703,2017
19,Belgium,6.937,1.30782,1.28566,0.89667,0.5845,0.2225,0.2254,2017
20,United Arab Emirates,6.901,1.42727,1.12575,0.80925,0.64157,0.26428,0.38583,2017
21,United Kingdom,6.867,1.26637,1.28548,0.90943,0.59625,0.51912,0.32067,2017
22,Oman,6.853,1.36011,1.08182,0.76276,0.63274,0.21542,0.32524,2017
23,Venezuela,6.81,1.04424,1.25596,0.72052,0.42908,0.05841,0.11069,2017
24,Singapore,6.798,1.52186,1.02,1.02525,0.54252,0.31105,0.4921,2017
25,Panama,6.786,1.06353,1.1985,0.79661,0.5421,0.24434,0.0927,2017
26,Germany,6.75,1.32792,1.29937,0.89186,0.61477,0.28214,0.21843,2017
27,Chile,6.67,1.10715,1.12447,0.85857,0.44132,0.33363,0.12869,2017
28,Qatar,6.611,1.69042,1.0786,0.79733,0.6404,0.32573,0.52208,2017
29,France,6.575,1.27778,1.26038,0.94579,0.55011,0.12332,0.20646,2017
30,Argentina,6.574,1.05351,1.24823,0.78723,0.44974,0.11451,0.08484,2017
31,Czech Republic,6.505,1.17898,1.20643,0.84483,0.46364,0.10686,0.02652,2017
32,Uruguay,6.485,1.06166,1.2089,0.8116,0.60362,0.2324,0.24558,2017
33,Colombia,6.477,0.91861,1.24018,0.69077,0.53466,0.18401,0.0512,2017
34,Thailand,6.455,0.9669,1.26504,0.7385,0.55664,0.5763,0.03187,2017
35,Saudi Arabia,6.411,1.39541,1.08393,0.72025,0.31048,0.13706,0.32524,2017
36,Spain,6.329,1.23011,1.31379,0.95562,0.45951,0.18227,0.06398,2017
37,Malta,6.302,1.2074,1.30203,0.88721,0.60365,0.51752,0.13586,2017
38,Taiwan,6.298,1.29098,1.07617,0.8753,0.3974,0.25376,0.08129,2017
39,Kuwait,6.295,1.55422,1.16594,0.72492,0.55499,0.16228,0.25609,2017
40,Suriname,6.269,0.99534,0.972,0.6082,0.59657,0.16991,0.13633,2017
41,Trinidad and Tobago,6.168,1.21183,1.18354,0.61483,0.55884,0.31844,0.0114,2017
42,El Salvador,6.13,0.76454,1.02507,0.67737,0.4035,0.10692,0.11776,2017
43,Guatemala,6.123,0.74553,1.04356,0.64425,0.57733,0.27489,0.09472,2017
44,Uzbekistan,6.003,0.63244,1.34043,0.59772,0.65821,0.22837,0.30826,2017
45,Slovakia,5.995,1.16891,1.26999,0.78902,0.31751,0.16893,0.03431,2017
46,Japan,5.987,1.27074,1.25712,0.99111,0.49615,0.10705,0.1806,2017
47,South Korea,5.984,1.24461,0.95774,0.96538,0.33208,0.18557,0.07857,2017
48,Ecuador,5.975,0.86402,0.99903,0.79075,0.48574,0.11541,0.1809,2017
49,Bahrain,5.96,1.32376,1.21624,0.74716,0.45492,0.17362,0.306,2017
50,Italy,5.948,1.25114,1.19777,0.95446,0.26236,0.22823,0.02901,2017
51,Bolivia,5.89,0.68133,0.97841,0.5392,0.57414,0.20536,0.088,2017
52,Moldova,5.889,0.59448,1.01528,0.61826,0.32818,0.20951,0.01615,2017
53,Paraguay,5.878,0.75985,1.30477,0.66098,0.53899,0.3424,0.08242,2017
54,Kazakhstan,5.855,1.12254,1.12241,0.64368,0.51649,0.11827,0.08454,2017
55,Slovenia,5.848,1.18498,1.27385,0.87337,0.60855,0.25328,0.03787,2017
56,Lithuania,5.833,1.14723,1.25745,0.73128,0.21342,0.02641,0.01031,2017
57,Nicaragua,5.828,0.59325,1.14184,0.74314,0.55475,0.27815,0.19317,2017
58,Peru,5.824,0.90019,0.97459,0.73017,0.41496,0.14982,0.05989,2017
59,Belarus,5.813,1.03192,1.23289,0.73608,0.37938,0.11046,0.1909,2017
60,Poland,5.791,1.12555,1.27948,0.77903,0.53122,0.16759,0.04212,2017
61,Malaysia,5.77,1.12486,1.07023,0.72394,0.53024,0.33075,0.10501,2017
62,Croatia,5.759,1.08254,0.79624,0.78805,0.25883,0.05444,0.0243,2017
63,Libya,5.754,1.13145,1.11862,0.7038,0.41668,0.18295,0.11023,2017
64,Russia,5.716,1.13764,1.23617,0.66926,0.36679,0.00199,0.03005,2017
65,Jamaica,5.709,0.81038,1.15102,0.68741,0.50442,0.2123,0.02299,2017
66,North Cyprus,5.695,1.20806,1.07008,0.92356,0.49027,0.26169,0.1428,2017
67,Cyprus,5.689,1.20813,0.89318,0.92356,0.40672,0.30638,0.06146,2017
68,Algeria,5.605,0.93929,1.07772,0.61766,0.28579,0.07822,0.17383,2017
69,Kosovo,5.589,0.80148,0.81198,0.63132,0.24749,0.2831,0.04741,2017
70,Turkmenistan,5.548,0.95847,1.22668,0.53886,0.4761,0.16979,0.30844,2017
71,Mauritius,5.477,1.00761,0.98521,0.7095,0.56066,0.37744,0.07521,2017
72,Hong Kong,5.474,1.38604,1.05818,1.01328,0.59608,0.39478,0.37124,2017
73,Estonia,5.429,1.15174,1.22791,0.77361,0.44888,0.0868,0.15184,2017
74,Indonesia,5.399,0.82827,1.08708,0.63793,0.46611,0.51535,0.0,2017
75,Vietnam,5.36,0.63216,0.91226,0.74676,0.59444,0.1686,0.10441,2017
76,Turkey,5.332,1.06098,0.94632,0.73172,0.22815,0.12253,0.15746,2017
77,Kyrgyzstan,5.286,0.47428,1.15115,0.65088,0.43477,0.3003,0.04232,2017
78,Nigeria,5.268,0.65435,0.90432,0.16007,0.34334,0.27233,0.0403,2017
79,Bhutan,5.253,0.77042,1.10395,0.57407,0.53206,0.47998,0.15445,2017
80,Azerbaijan,5.212,1.02389,0.93793,0.64045,0.3703,0.07799,0.16065,2017
81,Pakistan,5.194,0.59543,0.41411,0.51466,0.12102,0.33671,0.10464,2017
82,Jordan,5.192,0.90198,1.05392,0.69639,0.40661,0.11053,0.14293,2017
82,Montenegro,5.192,0.97438,0.90557,0.72521,0.1826,0.1614,0.14296,2017
84,China,5.14,0.89012,0.94675,0.81658,0.51697,0.08185,0.02781,2017
85,Zambia,5.129,0.47038,0.91612,0.29924,0.48827,0.19591,0.12468,2017
86,Romania,5.124,1.04345,0.88588,0.7689,0.35068,0.13748,0.00649,2017
87,Serbia,5.123,0.92053,1.00964,0.74836,0.20107,0.19231,0.02617,2017
88,Portugal,5.102,1.15991,1.13935,0.87519,0.51469,0.13719,0.01078,2017
89,Latvia,5.098,1.11312,1.09562,0.72437,0.29671,0.18226,0.06332,2017
90,Philippines,5.073,0.70532,1.03516,0.58114,0.62545,0.24991,0.12279,2017
91,Somaliland region,5.057,0.18847,0.95152,0.43873,0.46582,0.50318,0.39928,2017
92,Morocco,5.013,0.73479,0.64095,0.60954,0.41691,0.07172,0.08546,2017
93,Macedonia,5.007,0.91851,1.00232,0.73545,0.33457,0.22359,0.05327,2017
94,Mozambique,4.971,0.08308,1.02626,0.09131,0.34037,0.22269,0.15603,2017
95,Albania,4.959,0.87867,0.80434,0.81325,0.35733,0.14272,0.06413,2017
96,Bosnia and Herzegovina,4.949,0.83223,0.91916,0.79081,0.09245,0.24808,0.00227,2017
97,Lesotho,4.898,0.37545,1.04103,0.07612,0.31767,0.16388,0.12504,2017
98,Dominican Republic,4.885,0.89537,1.17202,0.66825,0.57672,0.21684,0.14234,2017
99,Laos,4.876,0.59066,0.73803,0.54909,0.59591,0.42192,0.24249,2017
100,Mongolia,4.874,0.82819,1.3006,0.60268,0.43626,0.3323,0.02666,2017
101,Swaziland,4.867,0.71206,1.07284,0.07566,0.30658,0.18259,0.0306,2017
102,Greece,4.857,1.15406,0.92933,0.88213,0.07699,0.0,0.01397,2017
103,Lebanon,4.839,1.02564,0.80001,0.83947,0.33916,0.21854,0.04582,2017
104,Hungary,4.8,1.12094,1.20215,0.75905,0.32112,0.128,0.02758,2017
105,Honduras,4.788,0.59532,0.95348,0.6951,0.40148,0.23027,0.06825,2017
106,Tajikistan,4.786,0.39047,0.85563,0.57379,0.47216,0.22974,0.15072,2017
107,Tunisia,4.739,0.88113,0.60429,0.73793,0.26268,0.06431,0.06358,2017
108,Palestinian Territories,4.715,0.59867,0.92558,0.66015,0.24499,0.11251,0.12905,2017
109,Bangladesh,4.694,0.39753,0.43106,0.60164,0.4082,0.21222,0.12569,2017
110,Iran,4.686,1.0088,0.54447,0.69805,0.30033,0.38086,0.05863,2017
111,Ukraine,4.681,0.79907,1.20278,0.6739,0.25123,0.15275,0.02961,2017
112,Iraq,4.677,0.98549,0.81889,0.60237,0.0,0.17922,0.13788,2017
113,South Africa,4.642,0.92049,1.18468,0.27688,0.33207,0.11973,0.08884,2017
114,Ghana,4.633,0.54558,0.67954,0.40132,0.42342,0.23087,0.04355,2017
115,Zimbabwe,4.61,0.271,1.03276,0.33475,0.25861,0.18987,0.08079,2017
116,Liberia,4.571,0.0712,0.78968,0.34201,0.28531,0.24362,0.06232,2017
117,India,4.565,0.64499,0.38174,0.51529,0.39786,0.26475,0.08492,2017
118,Sudan,4.55,0.52107,1.01404,0.36878,0.10081,0.19062,0.1466,2017
119,Haiti,4.518,0.26673,0.74302,0.38847,0.24425,0.46187,0.17175,2017
120,Congo (Kinshasa),4.517,0.0,1.0012,0.09806,0.22605,0.24834,0.07625,2017
121,Nepal,4.514,0.35997,0.86449,0.56874,0.38282,0.32296,0.05907,2017
122,Ethiopia,4.512,0.19073,0.60406,0.44055,0.4345,0.24325,0.15048,2017
123,Sierra Leone,4.507,0.33024,0.95571,0.0,0.4084,0.21488,0.08786,2017
124,Mauritania,4.436,0.45407,0.86908,0.35874,0.24232,0.219,0.17461,2017
125,Kenya,4.419,0.36471,0.99876,0.41435,0.42215,0.37542,0.05839,2017
126,Djibouti,4.369,0.44025,0.59207,0.36291,0.46074,0.18093,0.28105,2017
127,Armenia,4.35,0.76821,0.77711,0.7299,0.19847,0.07855,0.039,2017
128,Botswana,4.332,0.99355,1.10464,0.04776,0.49495,0.10461,0.12474,2017
129,Myanmar,4.307,0.27108,0.70905,0.48246,0.44017,0.79588,0.19034,2017
130,Georgia,4.297,0.7419,0.38562,0.72926,0.40577,0.05547,0.38331,2017
131,Malawi,4.292,0.01604,0.41134,0.22562,0.43054,0.33128,0.06977,2017
132,Sri Lanka,4.271,0.83524,1.01905,0.70806,0.53726,0.40828,0.09179,2017
133,Cameroon,4.252,0.4225,0.88767,0.23402,0.49309,0.20618,0.05786,2017
134,Bulgaria,4.218,1.01216,1.10614,0.76649,0.30587,0.11921,0.00872,2017
135,Egypt,4.194,0.8818,0.747,0.61712,0.17288,0.11291,0.06324,2017
136,Yemen,4.077,0.54649,0.68093,0.40064,0.35571,0.09131,0.07854,2017
137,Angola,4.033,0.75778,0.8604,0.16683,0.10384,0.12344,0.07122,2017
138,Mali,3.995,0.26074,1.03526,0.20583,0.38857,0.18798,0.12352,2017
139,Congo (Brazzaville),3.989,0.67866,0.6629,0.31051,0.41466,0.12388,0.11686,2017
140,Comoros,3.956,0.23906,0.79273,0.36315,0.22917,0.17441,0.199,2017
141,Uganda,3.931,0.21102,1.13299,0.33861,0.45727,0.29066,0.07267,2017
142,Senegal,3.904,0.36498,0.97619,0.4354,0.36772,0.20843,0.10713,2017
143,Gabon,3.896,1.06024,0.90528,0.43372,0.31914,0.06822,0.11091,2017
144,Niger,3.845,0.0694,0.77265,0.29707,0.47692,0.19387,0.15639,2017
145,Cambodia,3.819,0.46038,0.62736,0.61114,0.66246,0.40359,0.07247,2017
146,Tanzania,3.781,0.2852,1.00268,0.38215,0.32878,0.34377,0.05747,2017
147,Madagascar,3.681,0.20824,0.66801,0.46721,0.19184,0.21333,0.08124,2017
148,Central African Republic,3.678,0.0785,0.0,0.06699,0.48879,0.23835,0.08289,2017
149,Chad,3.667,0.34193,0.76062,0.1501,0.23501,0.18386,0.05269,2017
150,Guinea,3.656,0.17417,0.46475,0.24009,0.37725,0.28657,0.12139,2017
151,Ivory Coast,3.655,0.46534,0.77115,0.15185,0.46866,0.20165,0.17922,2017
152,Burkina Faso,3.587,0.25812,0.85188,0.27125,0.39493,0.21747,0.12832,2017
153,Afghanistan,3.575,0.31982,0.30285,0.30335,0.23414,0.3651,0.09719,2017
154,Rwanda,3.465,0.22208,0.7737,0.42864,0.59201,0.22628,0.55191,2017
155,Benin,3.34,0.28665,0.35386,0.3191,0.4845,0.1826,0.0801,2017
156,Syria,3.006,0.6632,0.47489,0.72193,0.15684,0.47179,0.18906,2017
157,Burundi,2.905,0.0153,0.41587,0.22396,0.1185,0.19727,0.10062,2017
158,Togo,2.839,0.20868,0.13995,0.28443,0.36453,0.16681,0.10731,2017
1,Denmark,7.526,1.44178,1.16374,0.79504,0.57941,0.36171,0.44453,2017
2,Switzerland,7.509,1.52733,1.14524,0.86303,0.58557,0.28083,0.41203,2017
3,Iceland,7.501,1.42666,1.18326,0.86733,0.56624,0.47678,0.14975,2017
4,Norway,7.498,1.57744,1.1269,0.79579,0.59609,0.37895,0.35776,2017
5,Finland,7.413,1.40598,1.13464,0.81091,0.57104,0.25492,0.41004,2017
6,Canada,7.404,1.44015,1.0961,0.8276,0.5737,0.44834,0.31329,2017
7,Netherlands,7.339,1.46468,1.02912,0.81231,0.55211,0.47416,0.29927,2017
8,New Zealand,7.334,1.36066,1.17278,0.83096,0.58147,0.49401,0.41904,2017
9,Australia,7.313,1.44443,1.10476,0.8512,0.56837,0.47407,0.32331,2017
10,Sweden,7.291,1.45181,1.08764,0.83121,0.58218,0.38254,0.40867,2017
11,Israel,7.267,1.33766,0.99537,0.84917,0.36432,0.32288,0.08728,2017
12,Austria,7.119,1.45038,1.08383,0.80565,0.54355,0.32865,0.21348,2017
13,United States,7.104,1.50796,1.04782,0.779,0.48163,0.41077,0.14868,2017
14,Costa Rica,7.087,1.06879,1.02152,0.76146,0.55225,0.22553,0.10547,2017
15,Puerto Rico,7.039,1.35943,1.08113,0.77758,0.46823,0.22202,0.12275,2017
16,Germany,6.994,1.44787,1.09774,0.81487,0.53466,0.30452,0.28551,2017
17,Brazil,6.952,1.08754,1.03938,0.61415,0.40425,0.15776,0.14166,2017
18,Belgium,6.929,1.42539,1.05249,0.81959,0.51354,0.2424,0.26248,2017
19,Ireland,6.907,1.48341,1.16157,0.81455,0.54008,0.44963,0.29754,2017
20,Luxembourg,6.871,1.69752,1.03999,0.84542,0.5487,0.27571,0.35329,2017
21,Mexico,6.778,1.11508,0.7146,0.71143,0.37709,0.11735,0.18355,2017
22,Singapore,6.739,1.64555,0.86758,0.94719,0.4877,0.32706,0.46987,2017
23,United Kingdom,6.725,1.40283,1.08672,0.80991,0.50036,0.50156,0.27399,2017
24,Chile,6.705,1.2167,0.90587,0.81883,0.37789,0.31595,0.11451,2017
25,Panama,6.701,1.18306,0.98912,0.70835,0.48927,0.2418,0.08423,2017
26,Argentina,6.65,1.15137,1.06612,0.69711,0.42284,0.10989,0.07296,2017
27,Czech Republic,6.596,1.30915,1.00793,0.76376,0.41418,0.09929,0.03986,2017
28,United Arab Emirates,6.573,1.57352,0.87114,0.72993,0.56215,0.26591,0.35561,2017
29,Uruguay,6.545,1.18157,1.03143,0.72183,0.54388,0.18056,0.21394,2017
30,Malta,6.488,1.30782,1.09879,0.80315,0.54994,0.56237,0.17554,2017
31,Colombia,6.481,1.03032,1.02169,0.59659,0.44735,0.15626,0.05399,2017
32,France,6.478,1.39488,1.00508,0.83795,0.46562,0.1216,0.17808,2017
33,Thailand,6.474,1.0893,1.04477,0.64915,0.49553,0.58696,0.02833,2017
34,Saudi Arabia,6.379,1.48953,0.84829,0.59267,0.37904,0.15457,0.30008,2017
34,Taiwan,6.379,1.39729,0.92624,0.79565,0.32377,0.25495,0.0663,2017
36,Qatar,6.375,1.82427,0.87964,0.71723,0.56679,0.32388,0.48049,2017
37,Spain,6.361,1.34253,1.12945,0.87896,0.37545,0.17665,0.06137,2017
38,Algeria,6.355,1.05266,0.83309,0.61804,0.21006,0.07044,0.16157,2017
39,Guatemala,6.324,0.83454,0.87119,0.54039,0.50379,0.28808,0.08701,2017
40,Suriname,6.269,1.09686,0.77866,0.50933,0.52234,0.16665,0.12692,2017
41,Kuwait,6.239,1.61714,0.87758,0.63569,0.43166,0.15965,0.23669,2017
42,Bahrain,6.218,1.44024,0.94397,0.65696,0.47375,0.17147,0.25772,2017
43,Trinidad and Tobago,6.168,1.32572,0.98569,0.52608,0.48453,0.31935,0.01241,2017
44,Venezuela,6.084,1.13367,1.03302,0.61904,0.19847,0.0425,0.08304,2017
45,Slovakia,6.078,1.27973,1.08268,0.70367,0.23391,0.13837,0.02947,2017
46,El Salvador,6.068,0.8737,0.80975,0.596,0.37269,0.08877,0.10613,2017
47,Malaysia,6.005,1.25142,0.88025,0.62366,0.39031,0.41474,0.09081,2017
48,Nicaragua,5.992,0.69384,0.89521,0.65213,0.46582,0.29773,0.16292,2017
49,Uzbekistan,5.987,0.73591,1.1681,0.50163,0.60848,0.34326,0.28333,2017
50,Italy,5.977,1.35495,1.04167,0.85102,0.18827,0.16684,0.02556,2017
51,Ecuador,5.976,0.97306,0.85974,0.68613,0.4027,0.10074,0.18037,2017
52,Belize,5.956,0.87616,0.68655,0.45569,0.51231,0.23684,0.10771,2017
53,Japan,5.921,1.38007,1.06054,0.91491,0.46761,0.10224,0.18985,2017
54,Kazakhstan,5.919,1.22943,0.95544,0.57386,0.4052,0.15011,0.11132,2017
55,Moldova,5.897,0.69177,0.83132,0.52309,0.25202,0.19997,0.01903,2017
56,Russia,5.856,1.23228,1.05261,0.58991,0.32682,0.02736,0.03586,2017
57,Poland,5.835,1.24585,1.04685,0.69058,0.4519,0.14443,0.055,2017
57,South Korea,5.835,1.35948,0.72194,0.88645,0.25168,0.18824,0.07716,2017
59,Bolivia,5.822,0.79422,0.83779,0.4697,0.50961,0.21698,0.07746,2017
60,Lithuania,5.813,1.2692,1.06411,0.64674,0.18929,0.02025,0.0182,2017
61,Belarus,5.802,1.13062,1.04993,0.63104,0.29091,0.13942,0.17457,2017
62,North Cyprus,5.771,1.31141,0.81826,0.84142,0.43596,0.26322,0.16578,2017
63,Slovenia,5.768,1.29947,1.05613,0.79151,0.53164,0.25738,0.03635,2017
64,Peru,5.743,0.99602,0.81255,0.62994,0.37502,0.14527,0.05292,2017
65,Turkmenistan,5.658,1.08017,1.03817,0.44006,0.37408,0.22567,0.28467,2017
66,Mauritius,5.648,1.14372,0.75695,0.66189,0.46145,0.36951,0.05203,2017
67,Libya,5.615,1.06688,0.95076,0.52304,0.40672,0.17087,0.10339,2017
68,Latvia,5.56,1.21788,0.95025,0.63952,0.27996,0.17445,0.0889,2017
69,Cyprus,5.546,1.31857,0.70697,0.8488,0.29507,0.27906,0.05228,2017
70,Paraguay,5.538,0.89373,1.11111,0.58295,0.46235,0.25296,0.07396,2017
71,Romania,5.528,1.1697,0.72803,0.67602,0.36712,0.12889,0.00679,2017
72,Estonia,5.517,1.27964,1.05163,0.68098,0.41511,0.08423,0.18519,2017
73,Jamaica,5.51,0.89333,0.96372,0.59469,0.43597,0.22245,0.04294,2017
74,Croatia,5.488,1.18649,0.60809,0.70524,0.23907,0.18434,0.04002,2017
75,Hong Kong,5.458,1.5107,0.87021,0.95277,0.48079,0.40097,0.31647,2017
76,Somalia,5.44,0.0,0.33613,0.11466,0.56778,0.27225,0.3118,2017
77,Kosovo,5.401,0.90145,0.66062,0.54,0.14396,0.27992,0.06547,2017
78,Turkey,5.389,1.16492,0.87717,0.64718,0.23889,0.04707,0.12348,2017
79,Indonesia,5.314,0.95104,0.87625,0.49374,0.39237,0.56521,0.00322,2017
80,Jordan,5.303,0.99673,0.86216,0.60712,0.36023,0.14262,0.13297,2017
81,Azerbaijan,5.291,1.12373,0.76042,0.54504,0.35327,0.0564,0.17914,2017
82,Philippines,5.279,0.81217,0.87877,0.47036,0.54854,0.21674,0.11757,2017
83,China,5.245,1.0278,0.79381,0.73561,0.44012,0.04959,0.02745,2017
84,Bhutan,5.196,0.8527,0.90836,0.49759,0.46074,0.48546,0.1616,2017
85,Kyrgyzstan,5.185,0.56044,0.95434,0.55449,0.40212,0.38432,0.04762,2017
86,Serbia,5.177,1.03437,0.81329,0.6458,0.15718,0.20737,0.04339,2017
87,Bosnia and Herzegovina,5.163,0.93383,0.64367,0.70766,0.09511,0.29889,0.0,2017
88,Montenegro,5.161,1.07838,0.74173,0.63533,0.15111,0.17191,0.12721,2017
89,Dominican Republic,5.155,1.02787,0.99496,0.57669,0.52259,0.21286,0.12372,2017
90,Morocco,5.151,0.84058,0.38595,0.59471,0.25646,0.04053,0.08404,2017
91,Hungary,5.145,1.24142,0.93164,0.67608,0.1977,0.099,0.04472,2017
92,Pakistan,5.132,0.68816,0.26135,0.40306,0.14622,0.31185,0.1388,2017
93,Lebanon,5.129,1.12268,0.64184,0.76171,0.26228,0.23693,0.03061,2017
94,Portugal,5.123,1.27607,0.94367,0.79363,0.44727,0.11691,0.01521,2017
95,Macedonia,5.121,1.0193,0.78236,0.64738,0.27668,0.23507,0.07047,2017
96,Vietnam,5.061,0.74037,0.79117,0.66157,0.55954,0.25075,0.11556,2017
97,Somaliland Region,5.057,0.25558,0.75862,0.33108,0.3913,0.51479,0.36794,2017
98,Tunisia,5.045,0.97724,0.43165,0.59577,0.23553,0.03936,0.0817,2017
99,Greece,5.033,1.24886,0.75473,0.80029,0.05822,0.0,0.04127,2017
100,Tajikistan,4.996,0.48835,0.75602,0.53119,0.43408,0.25998,0.13509,2017
101,Mongolia,4.907,0.98853,1.08983,0.55469,0.35972,0.34539,0.03285,2017
102,Laos,4.876,0.68042,0.5497,0.38291,0.52168,0.43079,0.22423,2017
103,Nigeria,4.875,0.75216,0.64498,0.05108,0.27854,0.23219,0.0305,2017
104,Honduras,4.871,0.69429,0.75596,0.58383,0.26755,0.2044,0.06906,2017
105,Iran,4.813,1.11758,0.38857,0.64232,0.22544,0.38538,0.0557,2017
106,Zambia,4.795,0.61202,0.6376,0.23573,0.42662,0.17866,0.11479,2017
107,Nepal,4.793,0.44626,0.69699,0.50073,0.37012,0.3816,0.07008,2017
108,Palestinian Territories,4.754,0.67024,0.71629,0.56844,0.17744,0.11154,0.10613,2017
109,Albania,4.655,0.9553,0.50163,0.73007,0.31866,0.1684,0.05301,2017
110,Bangladesh,4.643,0.54177,0.24749,0.52989,0.39778,0.19132,0.12583,2017
111,Sierra Leone,4.635,0.36485,0.628,0.0,0.30685,0.23897,0.08196,2017
112,Iraq,4.575,1.07474,0.59205,0.51076,0.24856,0.19589,0.13636,2017
113,Namibia,4.574,0.93287,0.70362,0.34745,0.48614,0.07795,0.10398,2017
114,Cameroon,4.513,0.52497,0.62542,0.12698,0.42736,0.2268,0.06126,2017
115,Ethiopia,4.508,0.29283,0.37932,0.34578,0.36703,0.29522,0.1717,2017
116,South Africa,4.459,1.02416,0.96053,0.18611,0.42483,0.13656,0.08415,2017
117,Sri Lanka,4.415,0.97318,0.84783,0.62007,0.50817,0.46978,0.07964,2017
118,India,4.404,0.74036,0.29247,0.45091,0.40285,0.25028,0.08722,2017
119,Myanmar,4.395,0.34112,0.69981,0.3988,0.42692,0.81971,0.20243,2017
120,Egypt,4.362,0.95395,0.49813,0.52116,0.18847,0.12706,0.10393,2017
121,Armenia,4.36,0.86086,0.62477,0.64083,0.14037,0.07793,0.03616,2017
122,Kenya,4.356,0.52267,0.7624,0.30147,0.40576,0.41328,0.06686,2017
123,Ukraine,4.324,0.87287,1.01413,0.58628,0.12859,0.20363,0.01829,2017
124,Ghana,4.276,0.63107,0.49353,0.29681,0.40973,0.21203,0.0326,2017
125,Congo (Kinshasa),4.272,0.05661,0.80676,0.188,0.15602,0.25458,0.06075,2017
126,Georgia,4.252,0.83792,0.19249,0.64035,0.32461,0.06786,0.3188,2017
127,Congo (Brazzaville),4.236,0.77109,0.47799,0.28212,0.37938,0.12077,0.09753,2017
128,Senegal,4.219,0.44314,0.77416,0.40457,0.31056,0.19103,0.11681,2017
129,Bulgaria,4.217,1.11306,0.92542,0.67806,0.21219,0.12793,0.00615,2017
130,Mauritania,4.201,0.61391,0.84142,0.28639,0.1268,0.22686,0.17955,2017
131,Zimbabwe,4.193,0.35041,0.71478,0.1595,0.25429,0.18503,0.08582,2017
132,Malawi,4.156,0.08709,0.147,0.29364,0.4143,0.30968,0.07564,2017
133,Sudan,4.139,0.63069,0.81928,0.29759,0.0,0.18077,0.10039,2017
134,Gabon,4.121,1.15851,0.72368,0.3494,0.28098,0.06244,0.09314,2017
135,Mali,4.073,0.31292,0.86333,0.16347,0.27544,0.21064,0.13647,2017
136,Haiti,4.028,0.34097,0.29561,0.27494,0.12072,0.47958,0.14476,2017
137,Botswana,3.974,1.09426,0.89186,0.34752,0.44089,0.12425,0.10769,2017
138,Comoros,3.956,0.27509,0.60323,0.29981,0.15412,0.1827,0.18437,2017
139,Ivory Coast,3.916,0.55507,0.57576,0.04476,0.40663,0.20338,0.1553,2017
140,Cambodia,3.907,0.55604,0.5375,0.42494,0.58852,0.40339,0.08092,2017
141,Angola,3.866,0.84731,0.66366,0.04991,0.00589,0.12071,0.08434,2017
142,Niger,3.856,0.1327,0.6053,0.26162,0.38041,0.2097,0.17176,2017
143,South Sudan,3.832,0.39394,0.18519,0.15781,0.19662,0.25899,0.13015,2017
144,Chad,3.763,0.42214,0.63178,0.03824,0.12807,0.18667,0.04952,2017
145,Burkina Faso,3.739,0.31995,0.63054,0.21297,0.3337,0.24353,0.12533,2017
145,Uganda,3.739,0.34719,0.90981,0.19625,0.43653,0.27102,0.06442,2017
147,Yemen,3.724,0.57939,0.47493,0.31048,0.2287,0.09821,0.05892,2017
148,Madagascar,3.695,0.27954,0.46115,0.37109,0.13684,0.2204,0.07506,2017
149,Tanzania,3.666,0.47155,0.77623,0.357,0.3176,0.31472,0.05099,2017
150,Liberia,3.622,0.10706,0.50353,0.23165,0.25748,0.24063,0.04852,2017
151,Guinea,3.607,0.22415,0.3109,0.18829,0.30953,0.29914,0.1192,2017
152,Rwanda,3.515,0.32846,0.61586,0.31865,0.5432,0.23552,0.50521,2017
153,Benin,3.484,0.39499,0.10419,0.21028,0.39747,0.2018,0.06681,2017
154,Afghanistan,3.36,0.38227,0.11037,0.17344,0.1643,0.31268,0.07112,2017
155,Togo,3.303,0.28123,0.0,0.24811,0.34678,0.17517,0.11587,2017
156,Syria,3.069,0.74719,0.14866,0.62994,0.06912,0.48397,0.17233,2017
157,Burundi,2.905,0.06831,0.23442,0.15747,0.0432,0.2029,0.09419,2017
1,Norway,7.53700017929077,1.61646318435669,1.53352355957031,0.796666502952576,0.635422587394714,0.36201223731041,0.315963834524155,2017
2,Denmark,7.52199983596802,1.48238301277161,1.55112159252167,0.792565524578094,0.626006722450256,0.355280488729477,0.40077006816864,2017
3,Iceland,7.50400018692017,1.480633020401,1.6105740070343,0.833552122116089,0.627162635326385,0.475540220737457,0.153526559472084,2017
4,Switzerland,7.49399995803833,1.56497955322266,1.51691174507141,0.858131289482117,0.620070576667786,0.290549278259277,0.367007285356522,2017
5,Finland,7.4689998626709,1.44357192516327,1.5402467250824,0.80915766954422,0.617950856685638,0.24548277258873,0.38261154294014,2017
6,Netherlands,7.3769998550415,1.50394463539124,1.42893922328949,0.810696125030518,0.585384488105774,0.470489829778671,0.282661825418472,2017
7,Canada,7.31599998474121,1.47920441627502,1.48134899139404,0.83455765247345,0.611100912094116,0.435539722442627,0.287371516227722,2017
8,New Zealand,7.31400012969971,1.40570604801178,1.54819512367249,0.816759705543518,0.614062130451202,0.500005125999451,0.382816702127457,2017
9,Sweden,7.28399991989136,1.49438726902008,1.47816216945648,0.830875158309937,0.612924098968506,0.385399252176285,0.384398728609085,2017
10,Australia,7.28399991989136,1.484414935112,1.51004195213318,0.84388679265976,0.601607382297516,0.477699249982834,0.301183730363846,2017
11,Israel,7.21299982070923,1.37538242340088,1.37628996372223,0.83840399980545,0.405988603830338,0.330082654953003,0.0852421000599861,2017
12,Costa Rica,7.0789999961853,1.10970628261566,1.41640365123749,0.759509265422821,0.580131649971008,0.214613229036331,0.100106589496136,2017
13,Austria,7.00600004196167,1.48709726333618,1.4599449634552,0.815328419208527,0.567766189575195,0.316472321748734,0.221060365438461,2017
14,United States,6.99300003051758,1.54625928401947,1.41992056369781,0.77428662776947,0.505740523338318,0.392578780651093,0.135638788342476,2017
15,Ireland,6.97700023651123,1.53570663928986,1.55823111534119,0.80978262424469,0.573110342025757,0.42785832285881,0.29838815331459,2017
16,Germany,6.95100021362305,1.48792338371277,1.47252035140991,0.798950731754303,0.562511384487152,0.336269170045853,0.276731938123703,2017
17,Belgium,6.89099979400635,1.46378076076508,1.46231269836426,0.818091869354248,0.539770722389221,0.231503337621689,0.251343131065369,2017
18,Luxembourg,6.86299991607666,1.74194359779358,1.45758366584778,0.845089495182037,0.59662789106369,0.283180981874466,0.31883442401886,2017
19,United Kingdom,6.71400022506714,1.44163393974304,1.49646008014679,0.805335938930511,0.508190035820007,0.492774158716202,0.265428066253662,2017
20,Chile,6.65199995040894,1.25278460979462,1.28402495384216,0.819479703903198,0.376895278692245,0.326662421226501,0.0822879821062088,2017
21,United Arab Emirates,6.64799976348877,1.62634336948395,1.26641023159027,0.726798236370087,0.60834527015686,0.3609419465065,0.324489563703537,2017
22,Brazil,6.63500022888184,1.10735321044922,1.43130600452423,0.616552352905273,0.437453746795654,0.16234989464283,0.111092761158943,2017
23,Czech Republic,6.60900020599365,1.35268235206604,1.43388521671295,0.754444003105164,0.490946173667908,0.0881067588925362,0.0368729270994663,2017
24,Argentina,6.59899997711182,1.18529546260834,1.44045114517212,0.695137083530426,0.494519203901291,0.109457060694695,0.059739887714386,2017
25,Mexico,6.57800006866455,1.15318381786346,1.210862159729,0.709978997707367,0.412730008363724,0.120990432798862,0.132774114608765,2017
26,Singapore,6.57200002670288,1.69227766990662,1.35381436347961,0.949492394924164,0.549840569496155,0.345965981483459,0.46430778503418,2017
27,Malta,6.52699995040894,1.34327983856201,1.48841166496277,0.821944236755371,0.588767051696777,0.574730575084686,0.153066068887711,2017
28,Uruguay,6.4539999961853,1.21755969524384,1.41222786903381,0.719216823577881,0.57939225435257,0.175096929073334,0.178061872720718,2017
29,Guatemala,6.4539999961853,0.872001945972443,1.25558519363403,0.540239989757538,0.531310617923737,0.283488392829895,0.0772232785820961,2017
30,Panama,6.4520001411438,1.23374843597412,1.37319254875183,0.706156134605408,0.550026834011078,0.21055693924427,0.070983923971653,2017
31,France,6.44199991226196,1.43092346191406,1.38777685165405,0.844465851783752,0.470222115516663,0.129762306809425,0.172502428293228,2017
32,Thailand,6.42399978637695,1.12786877155304,1.42579245567322,0.647239029407501,0.580200731754303,0.572123110294342,0.0316127352416515,2017
33,Taiwan Province of China,6.42199993133545,1.43362653255463,1.38456535339355,0.793984234333038,0.361466586589813,0.258360475301743,0.0638292357325554,2017
34,Spain,6.40299987792969,1.38439786434174,1.53209090232849,0.888960599899292,0.408781230449677,0.190133571624756,0.0709140971302986,2017
35,Qatar,6.375,1.87076568603516,1.27429687976837,0.710098087787628,0.604130983352661,0.330473870038986,0.439299255609512,2017
36,Colombia,6.35699987411499,1.07062232494354,1.4021829366684,0.595027923583984,0.477487415075302,0.149014472961426,0.0466687418520451,2017
37,Saudi Arabia,6.3439998626709,1.53062355518341,1.28667759895325,0.590148329734802,0.449750572443008,0.147616013884544,0.27343225479126,2017
38,Trinidad and Tobago,6.16800022125244,1.36135590076447,1.3802285194397,0.519983291625977,0.518630743026733,0.325296461582184,0.0089648161083459,2017
39,Kuwait,6.10500001907349,1.63295245170593,1.25969874858856,0.632105708122253,0.496337592601776,0.228289797902107,0.215159550309181,2017
40,Slovakia,6.09800004959106,1.32539355754852,1.50505924224854,0.712732911109924,0.295817464590073,0.136544480919838,0.0242108516395092,2017
41,Bahrain,6.08699989318848,1.48841226100922,1.32311046123505,0.653133034706116,0.536746919155121,0.172668486833572,0.257042169570923,2017
42,Malaysia,6.08400011062622,1.29121541976929,1.28464603424072,0.618784427642822,0.402264982461929,0.416608929634094,0.0656007081270218,2017
43,Nicaragua,6.07100009918213,0.737299203872681,1.28721570968628,0.653095960617065,0.447551846504211,0.301674216985703,0.130687981843948,2017
44,Ecuador,6.00799989700317,1.00082039833069,1.28616881370544,0.685636222362518,0.4551981985569,0.150112465023994,0.140134647488594,2017
45,El Salvador,6.00299978256226,0.909784495830536,1.18212509155273,0.596018552780151,0.432452529668808,0.0782579854130745,0.0899809598922729,2017
46,Poland,5.97300004959106,1.29178786277771,1.44571197032928,0.699475347995758,0.520342111587524,0.158465966582298,0.0593078061938286,2017
47,Uzbekistan,5.97100019454956,0.786441087722778,1.54896914958954,0.498272627592087,0.658248662948608,0.415983647108078,0.246528223156929,2017
48,Italy,5.96400022506714,1.39506661891937,1.44492328166962,0.853144347667694,0.256450712680817,0.17278964817524,0.0280280914157629,2017
49,Russia,5.96299982070923,1.28177809715271,1.46928238868713,0.547349333763123,0.373783111572266,0.0522638224065304,0.0329628810286522,2017
50,Belize,5.95599985122681,0.907975316047668,1.08141779899597,0.450191766023636,0.547509372234344,0.240015640854836,0.0965810716152191,2017
51,Japan,5.92000007629395,1.41691517829895,1.43633782863617,0.913475871086121,0.505625545978546,0.12057276815176,0.163760736584663,2017
52,Lithuania,5.90199995040894,1.31458234786987,1.47351610660553,0.62894994020462,0.234231784939766,0.010164656676352,0.0118656428530812,2017
53,Algeria,5.87200021743774,1.09186446666718,1.1462174654007,0.617584645748138,0.233335807919502,0.0694366469979286,0.146096110343933,2017
54,Latvia,5.84999990463257,1.26074862480164,1.40471494197845,0.638566970825195,0.325707912445068,0.153074786067009,0.0738427266478539,2017
55,South Korea,5.83799982070923,1.40167844295502,1.12827444076538,0.900214076042175,0.257921665906906,0.206674367189407,0.0632826685905457,2017
56,Moldova,5.83799982070923,0.728870630264282,1.25182557106018,0.589465200901031,0.240729048848152,0.208779126405716,0.0100912861526012,2017
57,Romania,5.82499980926514,1.21768391132355,1.15009129047394,0.685158312320709,0.457003742456436,0.133519917726517,0.00438790069893,2017
58,Bolivia,5.82299995422363,0.833756566047668,1.22761905193329,0.473630249500275,0.558732926845551,0.22556072473526,0.0604777261614799,2017
59,Turkmenistan,5.82200002670288,1.13077676296234,1.49314916133881,0.437726080417633,0.41827192902565,0.24992498755455,0.259270340204239,2017
60,Kazakhstan,5.81899976730347,1.28455626964569,1.38436901569366,0.606041550636292,0.437454283237457,0.201964423060417,0.119282886385918,2017
61,North Cyprus,5.80999994277954,1.3469113111496,1.18630337715149,0.834647238254547,0.471203625202179,0.266845703125,0.155353352427483,2017
62,Slovenia,5.75799989700317,1.3412059545517,1.45251882076263,0.790828227996826,0.572575807571411,0.242649093270302,0.0451289787888527,2017
63,Peru,5.71500015258789,1.03522527217865,1.21877038478851,0.630166113376617,0.450002878904343,0.126819714903831,0.0470490865409374,2017
64,Mauritius,5.62900018692017,1.18939554691315,1.20956099033356,0.638007462024689,0.491247326135635,0.360933750867844,0.0421815551817417,2017
65,Cyprus,5.62099981307983,1.35593807697296,1.13136327266693,0.84471470117569,0.355111539363861,0.271254301071167,0.0412379764020443,2017
66,Estonia,5.61100006103516,1.32087934017181,1.47667109966278,0.695168316364288,0.479131430387497,0.0988908112049103,0.183248922228813,2017
67,Belarus,5.56899976730347,1.15655755996704,1.44494521617889,0.637714266777039,0.295400261878967,0.15513750910759,0.156313821673393,2017
68,Libya,5.52500009536743,1.10180306434631,1.35756433010101,0.520169019699097,0.465733230113983,0.152073666453362,0.0926102101802826,2017
69,Turkey,5.5,1.19827437400818,1.33775317668915,0.637605607509613,0.300740599632263,0.0466930419206619,0.0996715798974037,2017
70,Paraguay,5.49300003051758,0.932537317276001,1.50728487968445,0.579250693321228,0.473507791757584,0.224150657653809,0.091065913438797,2017
71,"Hong Kong S.A.R., China",5.47200012207031,1.55167484283447,1.26279091835022,0.943062424659729,0.490968644618988,0.374465793371201,0.293933749198914,2017
72,Philippines,5.42999982833862,0.85769921541214,1.25391757488251,0.468009054660797,0.585214674472809,0.193513423204422,0.0993318930268288,2017
73,Serbia,5.39499998092651,1.06931757926941,1.25818979740143,0.65078467130661,0.208715528249741,0.220125883817673,0.0409037806093693,2017
74,Jordan,5.33599996566772,0.991012394428253,1.23908889293671,0.604590058326721,0.418421149253845,0.172170460224152,0.11980327218771,2017
75,Hungary,5.32399988174438,1.2860119342804,1.34313309192657,0.687763452529907,0.175863519310951,0.0784016624093056,0.0366369374096394,2017
76,Jamaica,5.31099987030029,0.925579309463501,1.36821806430817,0.641022384166718,0.474307239055634,0.233818337321281,0.0552677810192108,2017
77,Croatia,5.29300022125244,1.22255623340607,0.96798300743103,0.701288521289825,0.255772292613983,0.248002976179123,0.0431031100451946,2017
78,Kosovo,5.27899980545044,0.951484382152557,1.13785350322723,0.541452050209045,0.260287940502167,0.319931447505951,0.0574716180562973,2017
79,China,5.27299976348877,1.08116579055786,1.16083741188049,0.741415500640869,0.472787708044052,0.0288068410009146,0.0227942746132612,2017
80,Pakistan,5.26900005340576,0.72688353061676,0.672690689563751,0.402047783136368,0.23521526157856,0.315446019172668,0.124348066747189,2017
81,Indonesia,5.26200008392334,0.995538592338562,1.27444469928741,0.492345720529556,0.443323463201523,0.611704587936401,0.0153171354904771,2017
82,Venezuela,5.25,1.12843120098114,1.43133759498596,0.617144227027893,0.153997123241425,0.0650196298956871,0.0644911229610443,2017
83,Montenegro,5.23699998855591,1.12112903594971,1.23837649822235,0.667464673519135,0.194989055395126,0.197911024093628,0.0881741940975189,2017
84,Morocco,5.2350001335144,0.878114581108093,0.774864435195923,0.59771066904068,0.408158332109451,0.0322099551558495,0.0877631828188896,2017
85,Azerbaijan,5.23400020599365,1.15360176563263,1.15240025520325,0.540775775909424,0.398155838251114,0.0452693402767181,0.180987507104874,2017
86,Dominican Republic,5.23000001907349,1.07937383651733,1.40241670608521,0.574873745441437,0.55258983373642,0.186967849731445,0.113945253193378,2017
87,Greece,5.22700023651123,1.28948748111725,1.23941457271576,0.810198903083801,0.0957312509417534,0.0,0.04328977689147,2017
88,Lebanon,5.22499990463257,1.07498753070831,1.12962424755096,0.735081076622009,0.288515985012054,0.264450758695602,0.037513829767704,2017
89,Portugal,5.19500017166138,1.3151752948761,1.36704301834106,0.795843541622162,0.498465299606323,0.0951027125120163,0.0158694516867399,2017
90,Bosnia and Herzegovina,5.18200016021729,0.982409417629242,1.0693359375,0.705186307430267,0.204403176903725,0.328867495059967,0.0,2017
91,Honduras,5.18100023269653,0.730573117733002,1.14394497871399,0.582569479942322,0.348079860210419,0.236188873648643,0.0733454525470734,2017
92,Macedonia,5.17500019073486,1.06457793712616,1.20789301395416,0.644948184490204,0.325905978679657,0.25376096367836,0.0602777935564518,2017
93,Somalia,5.15100002288818,0.0226431842893362,0.721151351928711,0.113989137113094,0.602126955986023,0.291631311178207,0.282410323619843,2017
94,Vietnam,5.07399988174438,0.788547575473785,1.27749133110046,0.652168989181519,0.571055591106415,0.234968051314354,0.0876332372426987,2017
95,Nigeria,5.07399988174438,0.783756256103516,1.21577048301697,0.0569157302379608,0.394952565431595,0.230947196483612,0.0261215660721064,2017
96,Tajikistan,5.04099988937378,0.524713635444641,1.27146327495575,0.529235124588013,0.471566706895828,0.248997643589973,0.146377146244049,2017
97,Bhutan,5.01100015640259,0.885416388511658,1.34012651443481,0.495879292488098,0.501537680625916,0.474054545164108,0.173380389809608,2017
98,Kyrgyzstan,5.00400018692017,0.596220076084137,1.39423859119415,0.553457796573639,0.454943388700485,0.42858037352562,0.0394391790032387,2017
99,Nepal,4.96199989318848,0.479820191860199,1.17928326129913,0.504130780696869,0.440305948257446,0.394096165895462,0.0729755461215973,2017
100,Mongolia,4.95499992370605,1.02723586559296,1.4930112361908,0.557783484458923,0.394143968820572,0.338464230298996,0.0329022891819477,2017
101,South Africa,4.8289999961853,1.05469870567322,1.38478863239288,0.187080070376396,0.479246735572815,0.139362379908562,0.0725094974040985,2017
102,Tunisia,4.80499982833862,1.00726580619812,0.868351459503174,0.613212049007416,0.289680689573288,0.0496933571994305,0.0867231488227844,2017
103,Palestinian Territories,4.77500009536743,0.716249227523804,1.15564715862274,0.565666973590851,0.25471106171608,0.114173173904419,0.0892826020717621,2017
104,Egypt,4.7350001335144,0.989701807498932,0.997471392154694,0.520187258720398,0.282110154628754,0.128631442785263,0.114381365478039,2017
105,Bulgaria,4.71400022506714,1.1614590883255,1.43437945842743,0.708217680454254,0.289231717586517,0.113177694380283,0.0110515309497714,2017
106,Sierra Leone,4.70900011062622,0.36842092871666,0.984136044979095,0.0055647538974881,0.318697690963745,0.293040901422501,0.0710951760411263,2017
107,Cameroon,4.69500017166138,0.564305365085602,0.946018218994141,0.132892116904259,0.430388748645782,0.236298456788063,0.0513066314160824,2017
108,Iran,4.69199991226196,1.15687310695648,0.711551249027252,0.639333188533783,0.249322608113289,0.387242913246155,0.048761073499918,2017
109,Albania,4.64400005340576,0.996192753314972,0.803685247898102,0.731159746646881,0.381498634815216,0.201312944293022,0.0398642159998417,2017
110,Bangladesh,4.60799980163574,0.586682975292206,0.735131740570068,0.533241033554077,0.478356659412384,0.172255352139473,0.123717859387398,2017
111,Namibia,4.57399988174438,0.964434325695038,1.0984708070755,0.33861181139946,0.520303547382355,0.0771337449550629,0.0931469723582268,2017
112,Kenya,4.55299997329712,0.560479462146759,1.06795072555542,0.309988349676132,0.452763766050339,0.444860309362411,0.0646413192152977,2017
113,Mozambique,4.55000019073486,0.234305649995804,0.870701014995575,0.106654435396194,0.480791091918945,0.322228103876114,0.179436385631561,2017
114,Myanmar,4.54500007629395,0.367110550403595,1.12323594093323,0.397522568702698,0.514492034912109,0.838075160980225,0.188816204667091,2017
115,Senegal,4.53499984741211,0.479309022426605,1.17969191074371,0.409362852573395,0.377922266721725,0.183468893170357,0.115460447967052,2017
116,Zambia,4.51399993896484,0.636406779289246,1.00318729877472,0.257835894823074,0.461603492498398,0.249580144882202,0.0782135501503944,2017
117,Iraq,4.49700021743774,1.10271048545837,0.978613197803497,0.501180469989777,0.288555532693863,0.19963726401329,0.107215754687786,2017
118,Gabon,4.46500015258789,1.1982102394104,1.1556202173233,0.356578588485718,0.312328577041626,0.0437853783369064,0.0760467872023582,2017
119,Ethiopia,4.46000003814697,0.339233845472336,0.86466920375824,0.353409707546234,0.408842742443085,0.312650740146637,0.165455713868141,2017
120,Sri Lanka,4.44000005722046,1.00985014438629,1.25997638702393,0.625130832195282,0.561213254928589,0.490863561630249,0.0736539661884308,2017
121,Armenia,4.37599992752075,0.900596737861633,1.00748372077942,0.637524425983429,0.198303267359734,0.0834880918264389,0.0266744215041399,2017
122,India,4.31500005722046,0.792221248149872,0.754372596740723,0.455427616834641,0.469987004995346,0.231538489460945,0.0922268852591515,2017
123,Mauritania,4.29199981689453,0.648457288742065,1.2720308303833,0.285349279642105,0.0960980430245399,0.201870024204254,0.136957004666328,2017
124,Congo (Brazzaville),4.29099988937378,0.808964252471924,0.832044363021851,0.28995743393898,0.435025870800018,0.120852127671242,0.0796181336045265,2017
125,Georgia,4.28599977493286,0.950612664222717,0.57061493396759,0.649546980857849,0.309410035610199,0.0540088154375553,0.251666635274887,2017
126,Congo (Kinshasa),4.28000020980835,0.0921023488044739,1.22902345657349,0.191407024860382,0.235961347818375,0.246455833315849,0.0602413564920425,2017
127,Mali,4.19000005722046,0.476180493831635,1.28147339820862,0.169365674257278,0.306613743305206,0.183354198932648,0.104970246553421,2017
128,Ivory Coast,4.17999982833862,0.603048920631409,0.904780030250549,0.0486421696841717,0.447706192731857,0.201237469911575,0.130061775445938,2017
129,Cambodia,4.16800022125244,0.601765096187592,1.00623834133148,0.429783403873444,0.633375823497772,0.385922968387604,0.0681059509515762,2017
130,Sudan,4.13899993896484,0.65951669216156,1.21400856971741,0.290920823812485,0.0149958552792668,0.182317450642586,0.089847519993782,2017
131,Ghana,4.11999988555908,0.667224824428558,0.873664736747742,0.295637726783752,0.423026293516159,0.256923943758011,0.0253363698720932,2017
132,Ukraine,4.09600019454956,0.89465194940567,1.39453756809235,0.575903952121735,0.122974775731564,0.270061463117599,0.0230294708162546,2017
133,Uganda,4.08099985122681,0.381430715322495,1.12982773780823,0.217632606625557,0.443185955286026,0.325766056776047,0.057069718837738,2017
134,Burkina Faso,4.03200006484985,0.3502277135849,1.04328000545502,0.215844258666039,0.324367851018906,0.250864684581757,0.120328105986118,2017
135,Niger,4.02799987792969,0.161925330758095,0.993025004863739,0.26850500702858,0.36365869641304,0.228673845529556,0.138572946190834,2017
136,Malawi,3.97000002861023,0.233442038297653,0.512568831443787,0.315089583396912,0.466914653778076,0.287170469760895,0.0727116540074348,2017
137,Chad,3.93600010871887,0.438012987375259,0.953855872154236,0.0411347150802612,0.16234202682972,0.216113850474358,0.0535818822681904,2017
138,Zimbabwe,3.875,0.375846534967422,1.08309590816498,0.196763753890991,0.336384207010269,0.189143493771553,0.0953753814101219,2017
139,Lesotho,3.80800008773804,0.521021246910095,1.19009518623352,0.0,0.390661299228668,0.157497271895409,0.119094640016556,2017
140,Angola,3.79500007629395,0.858428180217743,1.10441195964813,0.0498686656355858,0.0,0.097926490008831,0.0697203353047371,2017
141,Afghanistan,3.79399991035461,0.401477217674255,0.581543326377869,0.180746778845787,0.106179520487785,0.311870932579041,0.0611578300595284,2017
142,Botswana,3.76600003242493,1.12209415435791,1.22155499458313,0.341755509376526,0.505196332931519,0.0993484482169151,0.0985831990838051,2017
143,Benin,3.65700006484985,0.431085407733917,0.435299843549728,0.209930211305618,0.425962775945663,0.207948461174965,0.0609290152788162,2017
144,Madagascar,3.64400005340576,0.305808693170547,0.913020372390747,0.375223308801651,0.189196765422821,0.208732530474663,0.0672319754958153,2017
145,Haiti,3.6029999256134,0.368610262870789,0.640449821949005,0.277321130037308,0.0303698573261499,0.489203780889511,0.0998721495270729,2017
146,Yemen,3.59299993515015,0.591683447360992,0.93538224697113,0.310080915689468,0.249463722109795,0.104125209152699,0.0567674227058887,2017
147,South Sudan,3.59100008010864,0.39724862575531,0.601323127746582,0.163486003875732,0.147062435746193,0.285670816898346,0.116793513298035,2017
148,Liberia,3.53299999237061,0.119041793048382,0.872117936611176,0.229918196797371,0.332881182432175,0.26654988527298,0.0389482490718365,2017
149,Guinea,3.50699996948242,0.244549930095673,0.791244685649872,0.194129139184952,0.348587512969971,0.264815092086792,0.110937617719173,2017
150,Togo,3.49499988555908,0.305444717407227,0.431882530450821,0.247105568647385,0.38042613863945,0.196896150708199,0.0956650152802467,2017
151,Rwanda,3.47099995613098,0.368745893239975,0.945707023143768,0.326424807310104,0.581843852996826,0.252756029367447,0.455220013856888,2017
152,Syria,3.46199989318848,0.777153134346008,0.396102607250214,0.50053334236145,0.0815394446253777,0.493663728237152,0.151347130537033,2017
153,Tanzania,3.34899997711182,0.511135876178741,1.04198980331421,0.364509284496307,0.390017777681351,0.354256361722946,0.0660351067781448,2017
154,Burundi,2.90499997138977,0.091622568666935,0.629793584346771,0.151610791683197,0.0599007532000542,0.204435184597969,0.0841479450464249,2017
155,Central African Republic,2.69300007820129,0.0,0.0,0.0187726859003305,0.270842045545578,0.280876487493515,0.0565650761127472,2017
